{
  "type": "service_account",
  "project_id": "firm-capsule-436804-b5",

  
  "client_email": "genai-328@firm-capsule-436804-b5.iam.gserviceaccount.com",

  "auth_uri": "https://accounts.google.com/o/oauth2/auth",
  "token_uri": "https://oauth2.googleapis.com/token",
  "auth_provider_x509_cert_url": "https://www.googleapis.com/oauth2/v1/certs",
  "client_x509_cert_url": "https://www.googleapis.com/robot/v1/metadata/x509/genai-328%40firm-capsule-436804-b5.iam.gserviceaccount.com",
  "universe_domain": "googleapis.com"
}
